{
  "cli": {
    "version": ">= 12.0.0",
    "appVersionSource": "local"
  },
  "build": {
    "development": {
      "developmentClient": true,
      "distribution": "internal",
      "ios": {
        "resourceClass": "m-medium"
      },
      "android": {
        "buildType": "apk",
        "gradleCommand": ":app:assembleDebug"
      }
    },
    "preview": {
      "distribution": "internal",
      "ios": {
        "resourceClass": "m-medium",
        "simulator": true
      },
      "android": {
        "buildType": "apk"
      }
    },
    "production": {
      "developmentClient": false,
      "distribution": "store",
      "ios": {
        "resourceClass": "m-medium",
        "buildConfiguration": "Release"
      },
      "android": {
        "buildType": "app-bundle"
      },
      "env": {
        "NODE_ENV": "production"
      }
    }
  },
  "submit": {
    "production": {
      "ios": {
        "appleId": "centori1@gmail.com",
        "ascAppId": "6748999346",
        "appleTeamId": "2ABHLWV763"
      },
      "android": {
        "serviceAccountKeyPath": "./google-service-account.json",
        "track": "internal"
      }
    }
  }
}
