{
  "style_comparison": {
    "background_colors": {
      "current_app": {
        "primary": "#121212",
        "secondary": "#1E1E1E", 
        "tertiary": "#252525",
        "news_card": "#2a2a2a"
      },
      "provided_config": {
        "primary": "#121212",
        "news_card": "#1C1C1E",
        "filter_button": "#1C1C1E"
      },
      "differences": {
        "news_card": "Current uses #2a2a2a vs Config #1C1C1E - Current is lighter/grayer",
        "secondary_bg": "Current has more granular secondary colors (#1E1E1E, #252525)"
      }
    },
    
    "news_card_comparison": {
      "current_app": {
        "padding": 20,
        "border_radius": 16,
        "background_color": "#2a2a2a",
        "margin_bottom": 16,
        "border_width": 1,
        "border_color": "#404040",
        "shadow": "None explicitly defined"
      },
      "provided_config": {
        "padding": 16,
        "border_radius": 16,
        "background_color": "#1C1C1E",
        "margin_bottom": 16,
        "shadow_color": "rgba(0, 0, 0, 0.2)",
        "shadow_radius": 4
      },
      "differences": {
        "padding": "Current: 20px vs Config: 16px - Current has more padding",
        "background": "Current: #2a2a2a vs Config: #1C1C1E - Current is lighter",
        "shadow": "Current: No shadow vs Config: Has shadow with rgba(0,0,0,0.2)"
      }
    },

    "font_sizes_comparison": {
      "current_app": {
        "headline": 20,
        "summary": 14,
        "sentiment_label": 14,
        "source_text": 14,
        "time_ago": 14,
        "filter_button": "Not explicitly defined"
      },
      "provided_config": {
        "headline": 16,
        "summary": 14,
        "sentiment_tag": 12,
        "source_link": 14,
        "timestamp": 12,
        "filter_button": 14
      },
      "differences": {
        "headline": "Current: 20px vs Config: 16px - Current is larger",
        "sentiment": "Current: 14px vs Config: 12px - Current is larger",
        "timestamp": "Current: 14px vs Config: 12px - Current is larger"
      }
    },

    "font_weights_comparison": {
      "current_app": {
        "headline": "bold",
        "sentiment_label": "bold",
        "sentiment_score": "bold"
      },
      "provided_config": {
        "headline": "600",
        "filter_button": "500",
        "sentiment_tag": "600",
        "summary_text": "400",
        "source_link": "500",
        "timestamp": "400"
      },
      "differences": {
        "consistency": "Config uses numeric weights (400-600) vs Current uses 'bold'",
        "granularity": "Config has more specific weight definitions for each element"
      }
    },

    "text_colors_comparison": {
      "current_app": {
        "headline": "#ffffff",
        "summary": "#888888", 
        "source_text": "#4a9eff",
        "time_ago": "#666666",
        "sentiment_colors": {
          "bullish": "#4ade80",
          "bearish": "#ff6b6b", 
          "neutral": "#fbbf24"
        }
      },
      "provided_config": {
        "headline": "#FFFFFF",
        "summary": "#9CA3AF",
        "source_link": "#3B82F6",
        "timestamp": "#6B7280",
        "filter_button": "#FFFFFF",
        "sentiment_colors": {
          "bullish": "#4ADE80",
          "bearish": "#FF5C5C",
          "neutral": "#FACC15"
        },
        "icons": "#9CA3AF"
      },
      "differences": {
        "summary_text": "Current: #888888 vs Config: #9CA3AF - Config is slightly lighter",
        "source_links": "Current: #4a9eff vs Config: #3B82F6 - Different blue shades",
        "timestamp": "Current: #666666 vs Config: #6B7280 - Config is slightly lighter",
        "sentiment_bearish": "Current: #ff6b6b vs Config: #FF5C5C - Similar reds",
        "sentiment_neutral": "Current: #fbbf24 vs Config: #FACC15 - Similar yellows"
      }
    },

    "filter_button_comparison": {
      "current_app": {
        "padding_horizontal": 16,
        "padding_vertical": 8,
        "border_radius": 20,
        "background_inactive": "#1E1E1E",
        "background_active": "Dynamic based on sentiment",
        "text_color_inactive": "#A0A0A0",
        "text_color_active": "#121212",
        "margin_right": 10
      },
      "provided_config": {
        "font_size": 14,
        "font_weight": "500",
        "padding_horizontal": 16,
        "padding_vertical": 6,
        "border_radius": 999,
        "background_color": "#1C1C1E",
        "text_color": "#FFFFFF",
        "margin_right": 8
      },
      "differences": {
        "padding_vertical": "Current: 8px vs Config: 6px - Current is taller",
        "border_radius": "Current: 20px vs Config: 999px - Config is more pill-shaped",
        "background": "Current: #1E1E1E vs Config: #1C1C1E - Very similar",
        "margin_right": "Current: 10px vs Config: 8px - Current has more spacing"
      }
    },

    "icon_sizes_comparison": {
      "current_app": {
        "sentiment_icon": 14,
        "star_button": 20,
        "share_icon": 16,
        "external_link": 14
      },
      "provided_config": {
        "sentiment_icon": 14,
        "general_icons": 16
      },
      "differences": {
        "standardization": "Config uses consistent 16px for most icons vs Current varies (14-20px)"
      }
    },

    "summary_classifications": {
      "background_consistency": {
        "rating": "GOOD_MATCH",
        "notes": "Both use #121212 as primary background, very close secondary backgrounds"
      },
      "news_card_styling": {
        "rating": "MODERATE_DIFFERENCES", 
        "notes": "Current has more padding, lighter background, no shadows vs Config"
      },
      "typography": {
        "rating": "SIGNIFICANT_DIFFERENCES",
        "notes": "Current uses larger headlines (20px vs 16px), different font weight conventions"
      },
      "color_scheme": {
        "rating": "MOSTLY_ALIGNED",
        "notes": "Sentiment colors are nearly identical, slight variations in grays and blues"
      },
      "filter_buttons": {
        "rating": "MINOR_DIFFERENCES",
        "notes": "Very similar styling with small padding and radius differences"
      }
    },

    "recommendations": {
      "to_match_config": [
        "Reduce news card padding from 20px to 16px",
        "Change news card background from #2a2a2a to #1C1C1E", 
        "Add shadow to news cards (rgba(0,0,0,0.2) with 4px radius)",
        "Reduce headline font size from 20px to 16px",
        "Change summary text color from #888888 to #9CA3AF",
        "Update source link color from #4a9eff to #3B82F6",
        "Change timestamp color from #666666 to #6B7280",
        "Use numeric font weights (400-600) instead of 'bold'",
        "Standardize icon sizes to 16px where appropriate",
        "Change filter button border radius from 20px to 999px for pill shape"
      ],
      "current_advantages": [
        "Larger headlines (20px) may be more readable",
        "More padding (20px) provides better touch targets",
        "Border on cards provides better visual separation"
      ]
    }
  }
}
